date,precipitation,temp_max,temp_min,wind,weather
2021-01-01,0.0,29.6,25.2,5.7,sun
2021-01-02,0.4,29.1,24.2,4.9,drizzle
2021-01-03,2.4,29.5,24.6,6.1,drizzle
2021-01-04,3.6,28.9,24.6,6.6,drizzle
2021-01-05,0.0,29.4,24.8,6.0,sun
2021-01-06,0.1,29.7,25.5,5.7,drizzle
2021-01-07,0.7,29.3,25.8,5.9,drizzle
2021-01-08,0.6,29.5,26.2,5.8,drizzle
2021-01-09,2.1,29.1,24.9,5.5,drizzle
2021-01-10,1.5,29.5,24.6,5.2,drizzle
2021-01-11,3.4,28.5,24.3,4.4,drizzle
2021-01-12,1.6,29.0,25.1,4.8,drizzle
2021-01-13,1.3,29.1,24.9,4.5,drizzle
2021-01-14,1.7,29.4,25.1,4.5,drizzle
2021-01-15,1.2,28.8,25.1,5.7,drizzle
2021-01-16,0.1,30.0,25.4,6.3,drizzle
2021-01-17,1.4,29.7,24.7,7.0,drizzle
2021-01-18,2.7,28.1,24.7,5.6,drizzle
2021-01-19,3.0,28.5,23.8,5.2,drizzle
2021-01-20,4.0,29.0,24.3,5.6,drizzle
2021-01-21,1.9,29.5,24.4,6.2,drizzle
2021-01-22,2.0,29.3,24.3,6.9,drizzle
2021-01-23,1.3,29.1,25.2,7.5,drizzle
2021-01-24,2.2,29.0,24.9,6.3,drizzle
2021-01-25,2.2,29.7,24.6,6.6,drizzle
2021-01-26,1.6,29.1,24.9,5.1,drizzle
2021-01-27,3.6,29.1,23.7,6.2,drizzle
2021-01-28,1.1,29.8,24.8,5.7,drizzle
2021-01-29,0.1,29.7,26.1,5.6,drizzle
2021-01-30,0.1,29.7,26.2,6.3,drizzle
2021-01-31,1.3,29.8,25.6,6.2,drizzle
2021-02-01,1.2,29.6,25.9,6.6,drizzle
2021-02-02,1.2,30.3,25.6,6.2,drizzle
2021-02-03,1.4,29.8,25.2,5.9,drizzle
2021-02-04,0.6,29.4,25.3,4.9,drizzle
2021-02-05,0.6,29.9,25.7,5.0,drizzle
2021-02-06,0.3,29.8,26.0,4.8,drizzle
2021-02-07,0.2,30.2,25.4,5.3,drizzle
2021-02-08,0.8,30.3,24.7,4.9,drizzle
2021-02-09,0.8,30.0,24.5,5.3,drizzle
2021-02-10,2.6,29.6,25.3,5.9,drizzle
2021-02-11,2.2,29.5,26.1,7.1,drizzle
2021-02-12,3.1,30.0,25.1,6.7,drizzle
2021-02-13,5.6,28.5,24.2,6.2,drizzle
2021-02-14,2.4,29.2,24.2,5.1,drizzle
2021-02-15,2.5,29.0,25.3,5.1,drizzle
2021-02-16,3.8,29.9,24.9,4.8,drizzle
2021-02-17,1.3,29.7,25.7,5.1,drizzle
2021-02-18,0.0,30.1,25.4,4.2,sun
2021-02-19,0.7,29.9,24.7,4.5,drizzle
2021-02-20,1.3,29.9,25.7,5.6,drizzle
2021-02-21,1.7,29.9,25.9,6.1,drizzle
2021-02-22,0.4,30.2,25.3,6.2,drizzle
2021-02-23,2.3,29.8,24.6,6.4,drizzle
2021-02-24,2.2,30.3,25.3,5.3,drizzle
2021-02-25,3.4,29.2,25.6,4.8,drizzle
2021-02-26,15.2,26.5,24.0,4.8,rain
2021-02-27,6.3,26.9,24.1,4.1,drizzle
2021-02-28,8.0,28.0,23.9,5.7,rain
2021-03-01,12.4,27.0,23.9,5.3,rain
2021-03-02,1.9,29.3,25.2,6.2,drizzle
2021-03-03,1.0,29.3,25.2,7.1,drizzle
2021-03-04,4.2,28.5,24.9,7.3,drizzle
2021-03-05,3.2,29.2,24.5,6.2,drizzle
2021-03-06,0.1,29.5,25.7,5.7,drizzle
2021-03-07,0.9,29.1,25.2,5.1,drizzle
2021-03-08,1.0,29.4,25.4,5.5,drizzle
2021-03-09,1.5,29.2,24.6,5.5,drizzle
2021-03-10,1.2,29.4,25.3,5.6,drizzle
2021-03-11,2.4,29.8,25.7,6.4,drizzle
2021-03-12,0.2,29.8,26.1,5.4,drizzle
2021-03-13,1.3,29.5,25.7,5.4,drizzle
2021-03-14,0.0,29.8,25.6,5.9,sun
2021-03-15,2.9,29.0,24.5,6.0,drizzle
2021-03-16,2.2,28.6,24.3,5.5,drizzle
2021-03-17,0.3,29.6,24.8,5.5,drizzle
2021-03-18,8.3,27.7,24.0,3.5,rain
2021-03-19,0.9,29.3,25.3,5.6,drizzle
2021-03-20,2.3,29.9,24.3,6.5,drizzle
2021-03-21,1.9,28.6,23.9,5.2,drizzle
2021-03-22,2.9,28.8,24.1,4.4,drizzle
2021-03-23,1.7,29.2,24.6,5.1,drizzle
2021-03-24,5.3,28.3,23.9,5.5,drizzle
2021-03-25,5.2,28.9,24.2,5.6,drizzle
2021-03-26,8.4,28.1,23.8,5.9,rain
2021-03-27,10.6,27.9,24.6,3.8,rain
2021-03-28,3.9,28.2,24.3,4.0,drizzle
2021-03-29,4.0,28.7,24.6,4.2,drizzle
2021-03-30,2.0,29.5,24.5,4.6,drizzle
2021-03-31,2.2,29.2,25.5,4.7,drizzle
2021-04-01,1.8,29.5,25.9,5.3,drizzle
2021-04-02,0.9,29.7,25.3,5.1,drizzle
2021-04-03,4.9,27.9,25.0,5.6,drizzle
2021-04-04,2.7,28.2,24.8,4.6,drizzle
2021-04-05,0.8,28.4,25.8,5.8,drizzle
2021-04-06,1.2,29.5,24.9,7.0,drizzle
2021-04-07,0.2,29.5,25.3,6.7,drizzle
2021-04-08,2.1,29.6,24.9,7.0,drizzle
2021-04-09,3.0,29.4,24.8,8.6,drizzle
2021-04-10,9.1,27.7,24.3,6.3,drizzle
2021-04-11,8.0,27.4,24.3,5.0,drizzle
2021-04-12,2.2,28.6,24.0,5.8,drizzle
2021-04-13,8.9,28.8,24.7,4.8,rain
2021-04-14,6.0,28.5,24.8,5.2,rain
2021-04-15,8.0,27.7,24.8,5.6,rain
2021-04-16,2.8,28.2,24.0,5.2,drizzle
2021-04-17,14.5,27.7,24.7,3.9,rain
2021-04-18,14.8,26.7,24.3,4.9,rain
2021-04-19,2.3,28.4,24.1,4.2,drizzle
2021-04-20,1.5,28.6,23.4,3.9,drizzle
2021-04-21,0.3,29.0,24.6,4.1,drizzle
2021-04-22,2.4,28.9,25.1,4.1,drizzle
2021-04-23,1.5,29.0,24.0,5.2,drizzle
2021-04-24,2.4,29.0,25.2,4.6,drizzle
2021-04-25,2.9,28.2,24.0,5.2,drizzle
2021-04-26,1.7,28.4,24.7,5.3,drizzle
2021-04-27,2.1,28.8,23.6,5.9,drizzle
2021-04-28,2.6,27.9,24.3,4.6,drizzle
2021-04-29,5.1,28.4,24.7,5.7,drizzle
2021-04-30,5.2,27.6,24.3,6.1,drizzle
2021-05-01,1.8,29.2,24.5,6.7,drizzle
2021-05-02,1.8,28.5,23.8,5.2,drizzle
2021-05-03,2.1,28.0,23.8,5.4,drizzle
2021-05-04,22.0,26.8,23.8,3.6,rain
2021-05-05,6.1,27.4,23.9,4.6,rain
2021-05-06,4.0,28.3,23.4,5.6,drizzle
2021-05-07,1.7,27.6,23.9,4.9,drizzle
2021-05-08,1.5,27.9,23.8,5.4,drizzle
2021-05-09,6.8,26.6,23.9,5.7,rain
2021-05-10,2.2,27.7,23.5,7.4,drizzle
2021-05-11,1.4,28.7,23.1,7.3,drizzle
2021-05-12,9.9,27.7,23.5,6.1,rain
2021-05-13,36.6,25.4,24.4,5.1,rain
2021-05-14,17.5,26.3,24.3,5.4,rain
2021-05-15,4.0,27.8,24.0,6.8,drizzle
2021-05-16,0.0,28.3,23.5,6.5,sun
2021-05-17,0.2,28.0,23.3,6.2,drizzle
2021-05-18,6.4,27.2,23.5,5.6,drizzle
2021-05-19,4.7,27.7,23.1,4.6,rain
2021-05-20,0.5,28.5,23.5,4.3,drizzle
2021-05-21,3.4,28.2,23.9,5.8,drizzle
2021-05-22,0.2,28.4,24.9,6.1,drizzle
2021-05-23,0.6,28.8,23.4,6.4,drizzle
2021-05-24,3.0,28.5,24.6,5.9,drizzle
2021-05-25,0.7,28.4,23.7,5.6,drizzle
2021-05-26,2.1,28.3,24.4,7.7,drizzle
2021-05-27,5.4,27.8,24.0,7.5,drizzle
2021-05-28,4.9,27.4,23.6,8.1,drizzle
2021-05-29,2.7,27.7,24.0,6.5,drizzle
2021-05-30,3.2,26.6,22.9,5.7,drizzle
2021-05-31,4.3,27.3,23.9,4.8,drizzle
2021-06-01,0.3,28.3,24.3,5.1,drizzle
2021-06-02,0.0,28.4,23.2,5.9,sun
2021-06-03,0.1,28.5,23.3,5.8,drizzle
2021-06-04,2.5,28.2,23.5,6.8,drizzle
2021-06-05,1.2,27.7,23.1,5.9,drizzle
2021-06-06,6.6,26.8,23.5,6.4,drizzle
2021-06-07,2.4,27.3,23.1,5.8,drizzle
2021-06-08,3.7,26.7,23.3,5.8,drizzle
2021-06-09,22.0,26.7,23.1,6.3,rain
2021-06-10,1.2,27.7,22.8,5.7,drizzle
2021-06-11,0.0,27.6,22.6,6.5,sun
2021-06-12,0.0,27.7,22.2,6.0,sun
2021-06-13,0.0,27.8,22.1,4.9,sun
2021-06-14,4.0,27.9,22.5,6.8,drizzle
2021-06-15,1.8,27.8,23.0,5.5,drizzle
2021-06-16,0.1,27.5,23.1,5.9,drizzle
2021-06-17,2.9,27.2,23.2,6.4,drizzle
2021-06-18,12.6,27.5,23.1,5.8,rain
2021-06-19,2.7,26.6,22.5,6.3,drizzle
2021-06-20,0.7,26.7,22.4,3.8,drizzle
2021-06-21,2.0,27.6,23.2,5.4,drizzle
2021-06-22,2.2,28.0,24.0,5.0,drizzle
2021-06-23,0.4,27.8,22.5,5.7,drizzle
2021-06-24,5.1,25.9,22.5,5.8,drizzle
2021-06-25,1.9,27.3,22.3,7.6,drizzle
2021-06-26,0.0,27.7,22.0,7.9,sun
2021-06-27,2.0,25.6,21.8,7.9,drizzle
2021-06-28,1.1,26.4,21.6,7.2,drizzle
2021-06-29,1.6,26.7,21.1,6.4,drizzle
2021-06-30,18.5,25.5,23.0,4.2,rain
2021-07-01,4.9,27.5,23.6,5.9,rain
2021-07-02,1.5,27.4,23.2,6.6,drizzle
2021-07-03,3.4,26.5,22.7,6.0,drizzle
2021-07-04,1.5,27.4,23.4,5.4,drizzle
2021-07-05,4.8,26.6,22.6,6.9,drizzle
2021-07-06,0.6,26.6,22.7,6.5,drizzle
2021-07-07,0.0,27.5,22.2,7.1,sun
2021-07-08,3.8,26.1,22.8,6.5,drizzle
2021-07-09,1.4,27.6,23.8,6.0,drizzle
2021-07-10,2.7,26.2,22.5,5.9,drizzle
2021-07-11,3.4,27.3,23.1,6.4,drizzle
2021-07-12,3.2,26.9,23.2,7.8,drizzle
2021-07-13,1.1,26.9,24.1,6.2,drizzle
2021-07-14,2.3,27.3,23.7,7.1,drizzle
2021-07-15,2.2,27.2,23.4,6.4,drizzle
2021-07-16,3.5,26.3,22.8,4.9,drizzle
2021-07-17,13.4,25.6,22.7,5.6,rain
2021-07-18,1.7,27.1,23.4,6.0,drizzle
2021-07-19,2.0,26.0,22.4,5.1,drizzle
2021-07-20,0.6,27.0,24.2,5.6,drizzle
2021-07-21,7.8,26.9,23.1,7.3,rain
2021-07-22,3.4,25.6,23.6,7.7,drizzle
2021-07-23,3.7,25.6,22.9,7.9,drizzle
2021-07-24,0.4,27.0,23.1,7.8,drizzle
2021-07-25,4.5,25.7,22.6,6.7,drizzle
2021-07-26,3.2,27.3,22.9,6.5,drizzle
2021-07-27,0.7,27.4,22.1,5.5,drizzle
2021-07-28,1.1,27.1,23.3,5.4,drizzle
2021-07-29,0.4,27.4,22.9,5.3,drizzle
2021-07-30,1.1,27.5,23.2,6.8,drizzle
2021-07-31,3.8,26.5,22.2,8.4,drizzle
2021-08-01,3.6,25.7,22.5,9.3,drizzle
2021-08-02,5.0,25.9,21.8,8.0,drizzle
2021-08-03,5.1,25.4,22.0,6.8,drizzle
2021-08-04,5.5,25.5,21.9,6.4,rain
2021-08-05,5.6,25.4,21.6,7.6,drizzle
2021-08-06,0.6,27.2,23.0,8.7,drizzle
2021-08-07,5.3,26.4,22.5,9.1,drizzle
2021-08-08,3.4,26.9,22.6,8.0,drizzle
2021-08-09,6.5,26.1,22.7,5.8,drizzle
2021-08-10,15.0,25.7,23.0,6.8,rain
2021-08-11,9.0,25.9,22.7,6.2,drizzle
2021-08-12,3.0,26.2,23.4,6.2,drizzle
2021-08-13,1.2,26.3,21.9,7.6,drizzle
2021-08-14,0.1,27.0,21.0,7.4,drizzle
2021-08-15,3.1,26.0,22.5,7.4,drizzle
2021-08-16,0.4,26.1,21.5,7.9,drizzle
2021-08-17,2.2,25.6,21.9,8.0,drizzle
2021-08-18,0.6,26.7,23.1,8.1,drizzle
2021-08-19,3.9,26.2,22.3,7.3,drizzle
2021-08-20,4.5,25.9,22.2,8.4,drizzle
2021-08-21,1.4,26.2,21.5,6.0,drizzle
2021-08-22,6.6,27.2,23.1,7.8,drizzle
2021-08-23,17.2,26.6,23.3,8.0,rain
2021-08-24,4.9,26.2,23.3,6.8,drizzle
2021-08-25,2.8,26.0,23.5,7.2,drizzle
2021-08-26,1.9,27.0,23.4,7.0,drizzle
2021-08-27,0.9,26.8,24.2,6.8,drizzle
2021-08-28,2.2,27.5,23.8,7.0,drizzle
2021-08-29,3.9,26.3,23.1,6.8,drizzle
2021-08-30,1.3,26.9,24.2,6.6,drizzle
2021-08-31,3.3,26.4,23.7,6.9,drizzle
2021-09-01,2.2,26.9,22.9,7.6,drizzle
2021-09-02,0.6,26.6,21.6,6.9,drizzle
2021-09-03,4.7,26.4,22.6,5.2,drizzle
2021-09-04,1.7,27.5,23.6,5.9,drizzle
2021-09-05,2.7,26.8,23.3,6.1,drizzle
2021-09-06,1.3,27.2,23.9,6.1,drizzle
2021-09-07,2.3,27.5,23.3,5.8,drizzle
2021-09-08,2.0,27.7,23.4,6.9,drizzle
2021-09-09,1.0,27.0,22.9,6.4,drizzle
2021-09-10,0.0,27.5,22.3,6.7,sun
2021-09-11,0.6,27.7,24.2,7.1,drizzle
2021-09-12,4.3,27.6,23.5,7.4,drizzle
2021-09-13,1.7,27.8,23.8,6.7,drizzle
2021-09-14,3.0,27.7,23.5,7.1,drizzle
2021-09-15,4.8,27.4,24.2,7.1,drizzle
2021-09-16,3.8,27.6,23.8,7.6,drizzle
2021-09-17,2.6,26.9,23.6,7.5,drizzle
2021-09-18,1.0,27.2,24.3,7.7,drizzle
2021-09-19,0.0,27.6,23.8,5.8,sun
2021-09-20,0.8,27.5,24.3,6.0,drizzle
2021-09-21,0.0,28.2,23.3,5.1,sun
2021-09-22,0.9,28.2,23.5,4.5,drizzle
2021-09-23,1.0,28.2,24.6,5.5,drizzle
2021-09-24,4.1,27.2,23.4,7.1,drizzle
2021-09-25,4.7,27.4,23.1,7.2,drizzle
2021-09-26,4.5,26.9,23.7,7.6,drizzle
2021-09-27,7.4,27.5,23.7,8.6,drizzle
2021-09-28,6.8,27.5,23.4,8.6,drizzle
2021-09-29,6.9,27.4,23.9,6.9,rain
2021-09-30,3.0,27.7,23.7,5.4,drizzle
2021-10-01,2.0,27.9,24.3,5.5,drizzle
2021-10-02,2.3,28.0,23.6,5.6,drizzle
2021-10-03,1.5,28.2,24.3,6.5,drizzle
2021-10-04,3.6,27.6,24.5,6.7,drizzle
2021-10-05,1.1,27.1,23.9,5.4,drizzle
2021-10-06,1.3,28.0,24.5,6.8,drizzle
2021-10-07,3.1,27.9,24.1,6.2,drizzle
2021-10-08,2.0,27.9,24.2,5.6,drizzle
2021-10-09,0.9,27.8,24.4,6.3,drizzle
2021-10-10,1.4,27.4,23.8,5.4,drizzle
2021-10-11,0.4,28.0,23.9,4.6,drizzle
2021-10-12,5.4,28.2,25.0,6.1,rain
2021-10-13,0.0,29.3,25.3,5.9,sun
2021-10-14,4.1,28.4,24.7,6.6,drizzle
2021-10-15,2.3,28.8,24.7,7.7,drizzle
2021-10-16,2.7,29.4,24.1,7.1,drizzle
2021-10-17,1.6,28.6,24.6,7.4,drizzle
2021-10-18,0.9,29.0,24.3,5.7,drizzle
2021-10-19,1.4,28.6,23.9,5.3,drizzle
2021-10-20,0.2,28.7,25.2,5.0,drizzle
2021-10-21,0.8,28.7,25.2,5.3,drizzle
2021-10-22,1.7,28.8,25.5,4.8,drizzle
2021-10-23,2.1,29.3,24.6,5.4,drizzle
2021-10-24,3.0,28.8,25.7,6.3,drizzle
2021-10-25,2.7,29.2,24.4,6.6,drizzle
2021-10-26,2.3,28.3,24.2,7.0,drizzle
2021-10-27,2.7,28.6,23.7,7.4,drizzle
2021-10-28,4.0,28.9,23.2,6.4,drizzle
2021-10-29,2.5,27.5,23.3,7.9,drizzle
2021-10-30,0.0,28.9,24.5,6.5,sun
2021-10-31,0.7,29.2,25.4,6.0,drizzle
2021-11-01,1.9,28.4,25.5,6.0,drizzle
2021-11-02,0.8,29.0,25.0,5.5,drizzle
2021-11-03,0.4,30.2,25.5,4.8,drizzle
2021-11-04,1.0,29.4,25.7,5.1,drizzle
2021-11-05,0.0,29.9,25.9,4.3,sun
2021-11-06,0.5,29.6,25.6,5.1,drizzle
2021-11-07,1.9,29.6,25.3,5.4,drizzle
2021-11-08,1.6,29.5,25.4,6.0,drizzle
2021-11-09,0.6,29.6,25.5,6.2,drizzle
2021-11-10,2.1,29.2,24.1,6.2,drizzle
2021-11-11,4.2,28.7,23.9,5.9,drizzle
2021-11-12,2.6,29.4,24.7,5.6,drizzle
2021-11-13,0.7,29.6,25.0,6.0,drizzle
2021-11-14,2.3,29.5,24.9,5.9,drizzle
2021-11-15,2.0,29.4,24.5,6.1,drizzle
2021-11-16,1.9,29.5,25.3,7.3,drizzle
2021-11-17,1.9,29.1,25.6,8.3,drizzle
2021-11-18,2.3,29.5,24.9,6.7,drizzle
2021-11-19,1.2,29.0,25.3,7.2,drizzle
2021-11-20,1.9,29.1,25.6,5.4,drizzle
2021-11-21,0.1,29.5,25.4,5.0,drizzle
2021-11-22,0.5,29.7,25.8,6.5,drizzle
2021-11-23,0.9,29.5,25.6,5.7,drizzle
2021-11-24,0.8,29.8,25.3,5.2,drizzle
2021-11-25,1.3,29.9,25.7,5.1,drizzle
2021-11-26,4.0,29.6,25.4,6.0,drizzle
2021-11-27,1.9,30.0,25.9,5.2,drizzle
2021-11-28,1.6,29.4,26.2,5.2,drizzle
2021-11-29,1.5,29.4,26.2,6.0,drizzle
2021-11-30,0.3,30.2,25.9,5.4,drizzle
2021-12-01,2.0,30.1,25.5,5.3,drizzle
2021-12-02,0.1,30.6,26.4,4.7,drizzle
2021-12-03,0.9,30.0,26.6,6.3,drizzle
2021-12-04,7.4,29.8,23.9,6.1,rain
2021-12-05,5.6,29.8,23.3,6.5,rain
2021-12-06,1.5,29.9,25.3,7.1,drizzle
2021-12-07,1.9,30.0,25.4,5.8,drizzle
2021-12-08,5.0,29.6,24.6,6.4,rain
2021-12-09,1.9,29.8,25.8,6.0,drizzle
2021-12-10,4.3,29.0,24.4,5.8,drizzle
2021-12-11,1.9,29.5,25.5,5.8,drizzle
2021-12-12,1.2,29.4,25.7,5.8,drizzle
2021-12-13,2.9,29.3,24.4,5.7,drizzle
2021-12-14,1.3,29.4,25.6,5.9,drizzle
2021-12-15,1.8,29.8,24.3,6.1,drizzle
2021-12-16,3.4,29.6,24.1,6.1,drizzle
2021-12-17,2.5,29.6,24.7,6.4,drizzle
2021-12-18,2.6,29.6,24.4,6.1,drizzle
2021-12-19,1.3,29.3,25.4,5.9,drizzle
2021-12-20,2.0,29.8,25.5,6.1,drizzle
2021-12-21,1.7,29.4,24.0,5.8,drizzle
2021-12-22,1.3,29.8,25.9,5.4,drizzle
2021-12-23,3.7,28.7,25.3,4.9,drizzle
2021-12-24,0.6,29.7,25.7,5.2,drizzle
2021-12-25,1.5,29.4,26.1,5.5,drizzle
2021-12-26,11.6,27.6,24.4,4.4,rain
2021-12-27,4.1,28.3,24.5,4.6,drizzle
2021-12-28,2.3,28.7,24.7,5.3,drizzle
2021-12-29,1.4,29.5,25.0,5.6,drizzle
2021-12-30,0.3,29.6,25.1,5.4,drizzle
2021-12-31,1.6,29.7,25.9,5.6,drizzle
2022-01-01,1.1,29.8,26.0,6.5,drizzle
2022-01-02,1.2,29.9,25.5,6.0,drizzle
2022-01-03,1.2,28.8,24.8,5.4,drizzle
2022-01-04,1.3,30.2,26.0,5.9,drizzle
2022-01-05,10.0,28.5,23.0,5.6,rain
2022-01-06,1.9,28.9,25.4,5.4,drizzle
2022-01-07,0.8,29.8,25.4,5.9,drizzle
2022-01-08,0.8,29.6,26.1,5.4,drizzle
2022-01-09,0.1,30.0,25.6,5.8,drizzle
2022-01-10,4.6,29.8,24.0,6.1,drizzle
2022-01-11,4.7,29.7,24.5,5.1,drizzle
2022-01-12,6.2,28.4,23.8,4.2,rain
2022-01-13,4.3,29.7,23.7,4.7,rain
2022-01-14,8.0,27.6,23.3,5.1,drizzle
2022-01-15,15.6,26.2,23.5,3.2,rain
2022-01-16,0.5,29.1,23.0,4.8,drizzle
2022-01-17,0.3,29.5,24.4,6.5,drizzle
2022-01-18,2.3,29.2,25.2,5.8,drizzle
2022-01-19,0.1,29.7,24.4,5.4,drizzle
2022-01-20,0.8,29.7,24.8,4.7,drizzle
2022-01-21,4.3,28.7,23.6,4.5,drizzle
2022-01-22,1.6,29.5,24.6,4.1,drizzle
2022-01-23,0.5,29.8,25.3,4.4,drizzle
2022-01-24,2.4,30.0,25.5,4.8,drizzle
2022-01-25,1.3,30.6,26.3,4.8,drizzle
2022-01-26,5.8,30.6,25.0,5.9,drizzle
2022-01-27,13.5,27.8,23.9,4.3,rain
2022-01-28,22.9,28.0,22.7,4.8,rain
2022-01-29,31.9,26.8,22.5,2.8,rain
2022-01-30,1.9,29.3,25.1,6.1,drizzle
2022-01-31,1.9,29.2,25.9,6.3,drizzle
2022-02-01,0.8,29.4,25.4,5.6,drizzle
2022-02-02,0.8,28.8,25.6,5.8,drizzle
2022-02-03,1.7,28.9,25.6,5.7,drizzle
2022-02-04,0.4,29.2,26.2,6.4,drizzle
2022-02-05,0.3,29.1,25.9,4.3,drizzle
2022-02-06,0.0,29.4,25.7,4.2,sun
2022-02-07,0.0,30.5,24.2,4.8,sun
2022-02-08,0.0,30.0,25.7,5.1,sun
2022-02-09,0.5,29.4,26.0,5.0,drizzle
2022-02-10,0.0,30.1,25.6,4.2,sun
2022-02-11,1.3,30.1,25.5,5.4,drizzle
2022-02-12,1.7,30.0,23.8,5.0,drizzle
2022-02-13,1.3,29.9,25.6,5.6,drizzle
2022-02-14,2.1,29.9,25.8,5.5,drizzle
2022-02-15,0.2,29.9,26.3,4.7,drizzle
2022-02-16,0.8,29.9,24.8,4.2,drizzle
2022-02-17,1.4,29.3,24.7,4.9,drizzle
2022-02-18,3.2,28.9,23.7,4.6,drizzle
2022-02-19,2.3,29.3,24.0,5.1,drizzle
2022-02-20,3.4,29.9,24.1,5.9,drizzle
2022-02-21,1.8,29.8,26.0,5.7,drizzle
2022-02-22,0.7,29.8,26.1,5.1,drizzle
2022-02-23,2.1,29.3,24.0,5.4,drizzle
2022-02-24,1.9,29.7,25.9,5.5,drizzle
2022-02-25,2.2,29.9,25.9,6.4,drizzle
2022-02-26,0.3,29.8,25.9,5.6,drizzle
2022-02-27,0.7,30.0,26.7,5.8,drizzle
2022-02-28,5.0,28.9,24.8,6.4,drizzle
2022-03-01,1.5,30.5,25.1,7.3,drizzle
2022-03-02,3.6,29.6,24.2,4.2,drizzle
2022-03-03,1.0,30.2,24.7,4.8,drizzle
2022-03-04,12.3,28.9,24.3,4.9,rain
2022-03-05,12.4,27.3,23.6,4.6,rain
2022-03-06,9.0,28.4,23.7,7.6,rain
2022-03-07,0.0,30.1,26.3,6.1,sun
2022-03-08,0.5,29.4,24.3,5.8,drizzle
2022-03-09,1.5,29.6,25.7,6.2,drizzle
2022-03-10,4.5,29.8,24.5,7.3,drizzle
2022-03-11,1.3,29.4,25.3,5.5,drizzle
2022-03-12,7.2,28.6,23.3,5.1,rain
2022-03-13,2.2,28.6,23.7,4.8,drizzle
2022-03-14,4.5,29.0,24.7,4.6,drizzle
2022-03-15,2.9,29.0,24.2,4.8,drizzle
2022-03-16,8.0,27.9,24.1,4.0,rain
2022-03-17,3.8,28.9,23.3,5.7,drizzle
2022-03-18,3.6,29.4,24.1,6.2,drizzle
2022-03-19,1.4,29.3,24.0,5.3,drizzle
2022-03-20,3.2,30.2,25.0,4.5,rain
2022-03-21,16.4,29.0,24.1,6.8,rain
2022-03-22,17.8,27.3,24.3,5.2,rain
2022-03-23,10.5,29.7,23.9,6.4,rain
2022-03-24,4.8,27.9,23.3,5.2,drizzle
2022-03-25,6.9,29.5,24.0,5.8,rain
2022-03-26,11.8,28.3,24.0,3.9,rain
2022-03-27,17.8,27.4,24.6,5.3,rain
2022-03-28,4.8,28.9,24.0,5.8,drizzle
2022-03-29,1.4,29.5,24.8,6.4,drizzle
2022-03-30,0.9,29.2,24.5,6.0,drizzle
2022-03-31,0.3,29.6,24.8,5.5,drizzle
2022-04-01,0.3,29.9,24.5,5.7,drizzle
2022-04-02,6.7,29.2,23.7,5.6,rain
2022-04-03,13.0,27.5,24.2,5.6,rain
2022-04-04,1.7,29.0,24.7,6.6,drizzle
2022-04-05,2.6,28.2,24.4,5.5,drizzle
2022-04-06,5.6,27.9,23.9,4.5,rain
2022-04-07,0.9,28.5,24.3,4.7,drizzle
2022-04-08,3.9,28.6,24.3,5.8,drizzle
2022-04-09,1.7,29.2,24.5,6.6,drizzle
2022-04-10,1.3,29.2,25.2,5.8,drizzle
2022-04-11,0.5,29.0,25.0,4.9,drizzle
2022-04-12,0.2,29.3,23.7,4.9,drizzle
2022-04-13,0.5,29.4,23.0,3.6,drizzle
2022-04-14,0.2,29.1,23.2,4.2,drizzle
2022-04-15,0.2,29.5,25.4,3.7,drizzle
2022-04-16,2.3,29.7,25.0,4.1,drizzle
2022-04-17,4.2,28.3,24.2,3.6,drizzle
2022-04-18,0.2,29.4,24.8,4.9,drizzle
2022-04-19,0.7,29.6,24.4,5.4,drizzle
2022-04-20,4.2,28.8,23.9,5.7,drizzle
2022-04-21,1.5,29.6,23.6,5.3,drizzle
2022-04-22,7.4,28.9,24.7,5.3,rain
2022-04-23,8.3,27.6,24.0,5.6,rain
2022-04-24,4.5,27.8,23.7,6.2,drizzle
2022-04-25,6.1,28.4,23.3,6.8,rain
2022-04-26,1.7,28.4,23.9,7.1,drizzle
2022-04-27,3.7,28.9,25.0,5.9,rain
2022-04-28,4.0,28.5,24.6,6.4,drizzle
2022-04-29,1.7,28.6,23.5,6.7,drizzle
2022-04-30,0.9,28.7,24.3,6.8,drizzle
2022-05-01,2.7,28.8,25.4,6.8,drizzle
2022-05-02,7.9,28.1,24.5,6.2,drizzle
2022-05-03,7.6,28.2,23.7,6.3,rain
2022-05-04,1.9,29.1,25.0,7.3,drizzle
2022-05-05,6.7,28.1,25.2,6.4,rain
2022-05-06,25.9,27.0,24.2,5.4,rain
2022-05-07,5.4,28.7,23.8,5.6,rain
2022-05-08,0.8,28.3,23.1,7.2,drizzle
2022-05-09,1.6,27.9,23.5,7.3,drizzle
2022-05-10,1.9,27.7,24.2,4.5,drizzle
2022-05-11,3.2,27.3,23.9,5.5,drizzle
2022-05-12,0.9,29.5,23.7,6.0,drizzle
2022-05-13,5.0,28.4,25.2,5.1,drizzle
2022-05-14,2.9,27.9,24.5,5.9,drizzle
2022-05-15,6.8,27.4,23.8,4.6,drizzle
2022-05-16,1.4,28.9,23.9,5.8,drizzle
2022-05-17,1.7,28.8,25.5,5.3,drizzle
2022-05-18,0.3,29.1,25.2,3.9,drizzle
2022-05-19,0.0,29.1,24.2,4.6,sun
2022-05-20,5.3,29.3,23.1,3.8,rain
2022-05-21,1.4,27.6,23.0,6.3,drizzle
2022-05-22,7.7,27.3,23.8,7.9,drizzle
2022-05-23,20.0,26.5,23.4,7.6,rain
2022-05-24,16.2,26.0,22.8,5.6,rain
2022-05-25,20.6,24.3,23.5,4.6,rain
2022-05-26,8.1,27.6,23.2,6.8,drizzle
2022-05-27,22.1,26.8,22.7,6.4,rain
2022-05-28,59.6,25.6,22.8,5.0,rain
2022-05-29,5.7,26.9,21.5,5.4,rain
2022-05-30,11.6,27.4,23.8,5.3,rain
2022-05-31,30.2,26.2,22.7,4.0,rain
2022-06-01,8.7,27.3,22.1,5.2,rain
2022-06-02,5.8,26.5,23.5,4.6,rain
2022-06-03,38.9,26.9,22.3,3.6,rain
2022-06-04,17.7,26.5,23.0,5.3,rain
2022-06-05,2.8,27.4,22.9,6.3,drizzle
2022-06-06,5.2,26.7,22.3,6.6,drizzle
2022-06-07,3.2,27.0,23.0,3.8,drizzle
2022-06-08,1.4,27.3,22.4,5.2,drizzle
2022-06-09,13.9,26.1,22.5,5.0,rain
2022-06-10,2.2,27.6,23.2,4.4,drizzle
2022-06-11,28.1,25.5,22.6,3.3,rain
2022-06-12,0.0,27.5,21.8,5.2,sun
2022-06-13,0.3,27.9,22.5,4.6,drizzle
2022-06-14,0.3,27.6,22.5,5.1,drizzle
2022-06-15,1.6,26.9,21.9,5.4,drizzle
2022-06-16,0.8,27.3,22.3,3.9,drizzle
2022-06-17,0.2,27.5,22.5,4.2,drizzle
2022-06-18,0.0,28.0,21.7,4.9,sun
2022-06-19,0.5,28.0,23.2,5.5,drizzle
2022-06-20,12.3,27.5,23.0,7.0,rain
2022-06-21,1.5,28.0,23.9,7.9,drizzle
2022-06-22,61.4,24.3,23.0,6.6,rain
2022-06-23,4.1,26.9,22.7,7.2,drizzle
2022-06-24,22.0,26.7,22.2,7.9,rain
2022-06-25,0.0,27.1,21.4,5.8,sun
2022-06-26,0.0,27.1,21.5,6.3,sun
2022-06-27,1.4,27.0,22.8,8.5,drizzle
2022-06-28,1.8,27.3,23.2,6.9,drizzle
2022-06-29,19.2,25.8,22.5,6.6,rain
2022-06-30,1.2,27.1,22.6,6.1,drizzle
2022-07-01,1.9,26.9,23.4,4.9,drizzle
2022-07-02,20.5,25.8,23.4,6.8,rain
2022-07-03,26.0,26.2,23.7,7.0,rain
2022-07-04,17.8,26.0,23.1,7.7,rain
2022-07-05,0.5,27.6,24.3,7.6,drizzle
2022-07-06,7.2,27.7,23.6,6.7,rain
2022-07-07,36.1,25.2,23.1,6.2,rain
2022-07-08,21.0,26.5,23.0,7.9,rain
2022-07-09,5.8,26.8,23.0,8.1,drizzle
2022-07-10,2.1,27.2,24.1,8.4,drizzle
2022-07-11,1.0,26.8,21.9,7.6,drizzle
2022-07-12,0.2,27.9,22.8,5.7,drizzle
2022-07-13,2.9,26.7,22.5,6.6,drizzle
2022-07-14,0.7,27.0,23.2,7.5,drizzle
2022-07-15,1.2,26.7,21.7,7.7,drizzle
2022-07-16,4.8,25.9,22.2,7.8,drizzle
2022-07-17,5.1,25.9,23.0,8.0,drizzle
2022-07-18,2.7,25.8,21.6,7.6,drizzle
2022-07-19,2.1,27.0,23.1,7.7,drizzle
2022-07-20,5.8,27.2,22.7,7.1,rain
2022-07-21,23.2,25.4,22.7,6.2,rain
2022-07-22,10.1,26.0,22.8,6.3,rain
2022-07-23,1.6,27.1,23.2,7.6,drizzle
2022-07-24,5.0,26.5,23.2,8.7,drizzle
2022-07-25,0.5,26.6,21.4,7.9,drizzle
2022-07-26,0.5,26.0,20.9,6.8,drizzle
2022-07-27,1.1,26.4,21.9,6.3,drizzle
2022-07-28,0.3,26.6,21.3,6.4,drizzle
2022-07-29,1.3,26.8,21.8,5.6,drizzle
2022-07-30,27.7,24.6,22.5,5.3,rain
2022-07-31,3.2,26.6,23.1,6.3,drizzle
2022-08-01,0.5,27.1,23.9,7.6,drizzle
2022-08-02,4.9,26.2,22.5,5.1,drizzle
2022-08-03,14.9,25.7,22.6,3.9,rain
2022-08-04,6.6,27.1,23.0,6.5,rain
2022-08-05,2.9,27.6,22.6,6.4,drizzle
2022-08-06,1.0,27.1,23.2,6.6,drizzle
2022-08-07,4.3,26.9,22.2,6.1,rain
2022-08-08,0.0,27.5,22.2,6.7,sun
2022-08-09,1.4,27.0,22.0,6.3,drizzle
2022-08-10,0.6,27.5,21.2,5.6,drizzle
2022-08-11,2.9,27.1,22.8,5.2,drizzle
2022-08-12,1.4,27.4,23.6,5.8,drizzle
2022-08-13,0.7,27.3,24.0,7.7,drizzle
2022-08-14,0.7,27.0,22.5,7.7,drizzle
2022-08-15,0.2,27.2,23.0,7.6,drizzle
2022-08-16,0.0,28.1,24.5,8.3,sun
2022-08-17,3.8,25.9,23.0,8.9,drizzle
2022-08-18,0.0,26.9,23.0,8.1,sun
2022-08-19,0.4,27.1,20.8,7.4,drizzle
2022-08-20,0.1,27.0,20.9,8.0,drizzle
2022-08-21,0.1,27.1,21.3,6.9,drizzle
2022-08-22,6.5,26.0,21.3,7.5,rain
2022-08-23,16.6,25.5,22.3,7.0,rain
2022-08-24,3.6,26.6,22.3,8.3,drizzle
2022-08-25,1.4,27.3,21.4,7.6,drizzle
2022-08-26,1.3,26.7,21.3,7.7,drizzle
2022-08-27,10.7,25.5,21.8,6.4,rain
2022-08-28,0.8,27.2,22.3,6.7,drizzle
2022-08-29,0.6,27.1,21.3,6.9,drizzle
2022-08-30,0.0,26.9,21.4,9.8,sun
2022-08-31,0.9,26.5,21.7,8.9,drizzle
2022-09-01,0.6,26.7,21.0,7.7,drizzle
2022-09-02,5.0,26.0,22.2,7.2,drizzle
2022-09-03,0.5,27.6,23.0,6.5,drizzle
2022-09-04,18.3,25.1,22.5,6.3,rain
2022-09-05,27.7,24.6,22.0,7.5,rain
2022-09-06,3.5,26.9,22.2,7.9,drizzle
2022-09-07,1.4,25.9,22.4,8.4,drizzle
2022-09-08,0.3,26.6,22.0,6.8,drizzle
2022-09-09,0.0,27.6,23.3,5.4,sun
2022-09-10,1.1,26.5,21.0,6.2,drizzle
2022-09-11,1.2,26.5,22.2,6.2,drizzle
2022-09-12,0.1,27.1,23.4,6.1,drizzle
2022-09-13,1.5,26.6,23.3,6.7,drizzle
2022-09-14,1.5,26.7,22.2,6.1,drizzle
2022-09-15,0.3,27.5,23.9,5.6,drizzle
2022-09-16,0.0,27.2,23.4,5.0,sun
2022-09-17,0.0,27.4,22.8,5.6,sun
2022-09-18,3.6,26.8,22.5,7.2,drizzle
2022-09-19,0.2,28.1,23.3,7.1,drizzle
2022-09-20,1.5,27.8,22.8,6.2,drizzle
2022-09-21,0.0,27.8,22.8,5.3,sun
2022-09-22,1.5,27.3,23.6,4.8,drizzle
2022-09-23,0.8,27.9,24.3,4.9,drizzle
2022-09-24,0.0,28.6,24.6,4.8,sun
2022-09-25,1.8,27.6,23.4,6.1,drizzle
2022-09-26,1.4,27.7,22.8,7.2,drizzle
2022-09-27,0.0,28.2,23.4,6.7,sun
2022-09-28,0.1,28.0,23.1,6.2,drizzle
2022-09-29,1.4,27.6,23.4,6.1,drizzle
2022-09-30,0.2,28.6,24.2,6.6,drizzle
2022-10-01,0.4,28.2,23.5,6.8,drizzle
2022-10-02,1.8,26.4,22.0,5.7,drizzle
2022-10-03,0.4,28.1,23.5,6.5,drizzle
2022-10-04,0.1,28.6,24.4,6.3,drizzle
2022-10-05,1.2,27.9,24.3,5.7,drizzle
2022-10-06,1.6,27.9,23.8,5.5,drizzle
2022-10-07,1.6,28.4,23.7,6.7,drizzle
2022-10-08,0.9,28.7,23.8,6.3,drizzle
2022-10-09,3.3,28.1,24.0,7.4,drizzle
2022-10-10,3.6,28.3,23.5,7.8,drizzle
2022-10-11,2.0,28.2,23.7,8.8,drizzle
2022-10-12,1.5,28.8,23.6,7.7,drizzle
2022-10-13,2.0,28.2,22.3,7.3,drizzle
2022-10-14,2.6,28.4,22.7,6.6,drizzle
2022-10-15,2.7,27.7,23.0,7.9,drizzle
2022-10-16,1.9,27.5,22.7,7.9,drizzle
2022-10-17,1.9,28.3,22.3,7.4,drizzle
2022-10-18,0.7,28.1,24.8,6.8,drizzle
2022-10-19,2.3,27.8,24.4,7.3,drizzle
2022-10-20,0.1,28.3,24.2,6.8,drizzle
2022-10-21,0.1,29.1,25.0,6.3,drizzle
2022-10-22,1.1,28.8,24.4,5.7,drizzle
2022-10-23,0.1,28.8,24.9,4.9,drizzle
2022-10-24,1.5,28.3,24.5,6.1,drizzle
2022-10-25,0.6,29.0,24.7,6.1,drizzle
2022-10-26,0.1,28.9,25.3,5.4,drizzle
2022-10-27,0.1,29.3,25.0,5.4,drizzle
2022-10-28,0.7,29.5,25.1,6.7,drizzle
2022-10-29,0.8,29.1,24.3,7.0,drizzle
2022-10-30,1.0,28.0,25.1,6.6,drizzle
2022-10-31,0.2,28.5,24.1,4.4,drizzle
2022-11-01,0.2,29.2,25.1,4.4,drizzle
2022-11-02,0.2,29.4,25.5,5.3,drizzle
2022-11-03,0.5,29.9,25.5,5.4,drizzle
2022-11-04,1.7,29.3,25.0,6.3,drizzle
2022-11-05,1.9,28.8,23.8,4.9,drizzle
2022-11-06,2.0,28.8,23.9,5.2,drizzle
2022-11-07,1.2,29.2,23.7,5.3,drizzle
2022-11-08,1.8,29.0,23.2,4.3,drizzle
2022-11-09,1.0,29.2,24.2,5.1,drizzle
2022-11-10,0.1,29.9,24.1,4.9,drizzle
2022-11-11,2.0,29.5,23.7,4.7,drizzle
2022-11-12,4.4,28.3,24.6,5.0,drizzle
2022-11-13,3.4,28.2,23.9,5.3,drizzle
2022-11-14,2.7,29.0,24.6,5.6,drizzle
2022-11-15,2.1,27.9,24.3,5.1,drizzle
2022-11-16,0.4,29.2,24.8,5.4,drizzle
2022-11-17,2.7,29.3,23.8,5.7,drizzle
2022-11-18,3.6,28.9,23.5,4.8,drizzle
2022-11-19,1.5,27.6,24.2,4.9,drizzle
2022-11-20,1.1,29.0,24.7,5.8,drizzle
2022-11-21,0.7,28.4,25.3,6.2,drizzle
2022-11-22,2.6,28.0,24.5,6.1,drizzle
2022-11-23,0.8,29.5,25.3,5.4,drizzle
2022-11-24,0.8,29.0,23.0,4.6,drizzle
2022-11-25,0.7,29.3,25.6,4.9,drizzle
2022-11-26,0.8,29.1,24.9,5.3,drizzle
2022-11-27,0.7,29.3,24.9,4.9,drizzle
2022-11-28,0.5,29.5,25.5,5.3,drizzle
2022-11-29,0.7,29.3,25.4,5.7,drizzle
2022-11-30,1.1,29.2,25.2,4.0,drizzle
2022-12-01,0.6,29.3,25.9,6.0,drizzle
2022-12-02,2.2,29.6,23.8,6.9,drizzle
2022-12-03,0.8,29.3,24.7,6.5,drizzle
2022-12-04,3.0,29.1,23.9,6.2,drizzle
2022-12-05,10.0,28.8,22.7,6.2,rain
2022-12-06,0.8,28.9,24.8,5.3,drizzle
2022-12-07,1.2,28.9,24.4,6.4,drizzle
2022-12-08,0.8,29.0,24.4,4.4,drizzle
2022-12-09,0.5,29.2,25.2,5.2,drizzle
2022-12-10,1.4,29.4,24.9,4.9,drizzle
2022-12-11,1.8,29.3,24.6,5.1,drizzle
2022-12-12,1.5,29.2,25.0,4.7,drizzle
2022-12-13,0.5,29.5,24.7,4.8,drizzle
2022-12-14,0.1,29.4,25.5,4.9,drizzle
2022-12-15,0.2,29.7,25.6,5.0,drizzle
2022-12-16,0.1,29.6,25.4,5.3,drizzle
2022-12-17,0.3,29.8,24.2,4.9,drizzle
2022-12-18,0.3,29.7,25.9,4.9,drizzle
2022-12-19,1.2,29.6,23.3,4.7,drizzle
2022-12-20,1.0,29.6,24.7,4.9,drizzle
2022-12-21,0.2,29.7,25.6,5.1,drizzle
2022-12-22,1.6,29.8,26.1,5.0,drizzle
2022-12-23,0.8,30.0,25.0,5.1,drizzle
2022-12-24,2.8,29.2,23.3,5.4,drizzle
2022-12-25,2.8,28.8,24.6,6.1,drizzle
2022-12-26,1.0,30.1,24.9,5.8,drizzle
2022-12-27,1.4,29.3,24.8,6.2,drizzle
2022-12-28,2.4,29.7,24.2,6.4,rain
2022-12-29,6.8,29.4,23.5,6.1,rain
2022-12-30,2.8,29.7,25.7,6.6,drizzle
2022-12-31,6.2,29.8,22.9,6.8,rain
2023-01-01,3.6,28.1,23.0,5.6,drizzle
2023-01-02,4.8,29.4,23.0,5.8,drizzle
2023-01-03,4.6,29.5,23.3,5.7,drizzle
2023-01-04,0.2,29.4,25.5,5.3,drizzle
2023-01-05,0.9,29.3,25.0,4.8,drizzle
2023-01-06,0.9,29.2,23.5,4.9,drizzle
2023-01-07,0.3,29.5,25.2,5.6,drizzle
2023-01-08,2.6,28.9,24.8,5.5,drizzle
2023-01-09,0.8,29.8,25.5,5.3,drizzle
2023-01-10,1.1,29.8,25.7,5.0,drizzle
2023-01-11,6.3,29.6,23.5,5.7,rain
2023-01-12,1.3,29.7,25.1,5.1,drizzle
2023-01-13,0.9,29.7,24.6,4.9,drizzle
2023-01-14,0.3,29.9,26.1,5.7,drizzle
2023-01-15,7.5,28.3,23.3,4.5,rain
2023-01-16,0.1,29.3,23.3,5.1,drizzle
2023-01-17,5.3,27.8,24.1,5.9,drizzle
2023-01-18,16.3,27.2,23.9,5.7,rain
2023-01-19,5.4,27.8,23.3,5.2,drizzle
2023-01-20,0.6,28.9,23.4,4.9,drizzle
2023-01-21,0.0,29.5,25.1,4.3,sun
2023-01-22,2.0,29.1,25.4,4.4,drizzle
2023-01-23,2.3,29.4,24.7,5.5,drizzle
2023-01-24,1.1,28.7,23.8,5.5,drizzle
2023-01-25,1.4,29.0,24.8,4.6,drizzle
2023-01-26,2.6,29.4,24.6,4.2,drizzle
2023-01-27,1.0,29.6,24.3,5.2,drizzle
2023-01-28,0.6,30.1,26.1,6.4,drizzle
2023-01-29,0.2,29.8,25.4,5.8,drizzle
2023-01-30,1.5,29.3,24.9,6.8,drizzle
2023-01-31,0.5,30.6,26.3,6.0,drizzle
2023-02-01,0.6,29.9,26.6,5.2,drizzle
2023-02-02,0.3,30.4,26.0,6.2,drizzle
2023-02-03,0.3,30.5,26.3,5.9,drizzle
2023-02-04,2.2,29.5,26.1,6.4,drizzle
2023-02-05,1.0,30.1,24.7,4.6,drizzle
2023-02-06,10.4,27.4,23.6,5.7,rain
2023-02-07,0.9,30.0,24.8,7.2,drizzle
2023-02-08,0.2,29.8,24.5,5.2,drizzle
2023-02-09,2.8,29.7,24.7,6.8,drizzle
2023-02-10,2.3,29.7,24.8,6.4,drizzle
2023-02-11,0.8,29.6,24.9,6.0,drizzle
2023-02-12,0.6,30.1,23.8,6.0,drizzle
2023-02-13,1.3,30.3,25.2,6.8,drizzle
2023-02-14,0.8,29.9,25.5,6.1,drizzle
2023-02-15,3.3,30.1,24.0,6.2,drizzle
2023-02-16,2.0,29.9,25.0,5.8,drizzle
2023-02-17,0.6,30.0,26.1,5.7,drizzle
2023-02-18,0.3,30.7,26.3,5.2,drizzle
2023-02-19,6.7,29.6,25.0,5.2,rain
2023-02-20,2.5,30.0,25.0,6.7,drizzle
2023-02-21,0.1,30.2,26.4,7.3,drizzle
2023-02-22,13.4,28.8,23.4,6.2,rain
2023-02-23,4.3,28.7,22.9,6.6,rain
2023-02-24,3.2,28.8,23.9,5.1,drizzle
2023-02-25,1.7,28.6,24.0,4.6,drizzle
2023-02-26,2.4,29.9,26.0,5.2,drizzle
2023-02-27,2.9,29.2,26.4,6.7,rain
2023-02-28,0.1,30.7,26.7,6.2,drizzle
2023-03-01,2.6,30.0,25.8,6.4,rain
2023-03-02,5.8,28.7,25.1,6.7,drizzle
2023-03-03,0.3,30.4,26.2,6.0,drizzle
2023-03-04,0.7,29.9,26.0,6.7,drizzle
2023-03-05,0.3,29.9,26.3,6.3,drizzle
2023-03-06,0.5,30.2,26.7,6.4,drizzle
2023-03-07,0.7,30.5,26.2,7.1,drizzle
2023-03-08,4.0,28.5,24.6,7.0,drizzle
2023-03-09,0.9,30.2,25.7,7.5,drizzle
2023-03-10,0.2,30.3,26.0,5.5,drizzle
2023-03-11,0.8,30.5,25.6,5.3,drizzle
2023-03-12,0.0,30.8,25.4,5.9,sun
2023-03-13,1.5,30.3,25.3,5.3,drizzle
2023-03-14,2.0,30.4,24.1,5.1,drizzle
2023-03-15,5.7,28.8,23.6,4.7,rain
2023-03-16,20.0,28.0,23.1,4.8,rain
2023-03-17,3.3,28.1,23.5,3.9,drizzle
2023-03-18,27.9,27.8,23.4,3.1,rain
2023-03-19,7.5,25.9,22.5,2.6,rain
2023-03-20,0.8,28.9,24.0,5.0,drizzle
2023-03-21,7.9,27.4,23.1,4.1,rain
2023-03-22,11.3,27.8,22.9,5.6,rain
2023-03-23,0.9,29.1,24.1,6.2,drizzle
2023-03-24,1.1,28.5,24.0,4.2,drizzle
2023-03-25,4.4,28.2,24.3,4.1,drizzle
2023-03-26,17.1,28.7,24.4,5.7,rain
2023-03-27,1.2,28.9,25.0,5.5,drizzle
2023-03-28,5.0,29.2,24.6,4.6,drizzle
2023-03-29,13.3,27.6,24.5,4.3,rain
2023-03-30,11.2,28.3,23.7,4.9,rain
2023-03-31,0.5,29.1,23.3,5.1,drizzle
2023-04-01,0.1,29.3,23.5,5.2,drizzle
2023-04-02,0.0,29.4,24.0,3.8,sun
2023-04-03,0.2,29.5,23.7,4.3,drizzle
2023-04-04,15.0,28.7,24.0,5.3,rain
2023-04-05,2.4,29.2,23.8,5.1,drizzle
2023-04-06,5.2,29.5,25.0,5.2,drizzle
2023-04-07,1.4,28.8,24.5,5.1,drizzle
2023-04-08,7.8,28.7,24.3,5.1,rain
2023-04-09,2.1,28.6,23.9,5.4,drizzle
2023-04-10,2.1,28.8,24.0,5.5,drizzle
2023-04-11,0.0,29.1,25.9,5.0,sun
2023-04-12,0.5,29.2,24.3,6.9,drizzle
2023-04-13,2.6,29.1,24.7,5.9,drizzle
2023-04-14,2.8,28.8,24.9,4.7,drizzle
2023-04-15,6.2,29.2,26.1,6.0,rain
2023-04-16,5.1,28.2,24.3,4.9,rain
2023-04-17,2.4,28.9,23.9,4.6,drizzle
2023-04-18,1.7,28.7,24.2,3.6,drizzle
2023-04-19,0.0,29.1,24.0,3.2,sun
2023-04-20,1.2,29.4,24.8,4.0,drizzle
2023-04-21,1.4,29.2,24.4,4.9,drizzle
2023-04-22,0.5,30.0,25.1,6.9,drizzle
2023-04-23,0.8,29.4,25.1,5.9,drizzle
2023-04-24,1.3,29.0,24.2,5.9,drizzle
2023-04-25,11.1,27.8,24.3,5.6,rain
2023-04-26,1.9,29.5,24.3,6.4,drizzle
2023-04-27,0.1,29.5,23.9,4.5,drizzle
2023-04-28,2.0,29.9,24.6,4.9,drizzle
2023-04-29,0.7,28.8,24.1,4.3,drizzle
2023-04-30,6.7,27.3,24.7,4.9,rain
2023-05-01,0.8,29.2,24.1,4.2,drizzle
2023-05-02,0.1,28.9,23.7,4.6,drizzle
2023-05-03,1.3,29.2,23.9,4.6,drizzle
2023-05-04,8.8,28.2,24.2,4.4,rain
2023-05-05,1.9,29.4,24.7,5.4,drizzle
2023-05-06,2.3,29.2,25.3,5.8,drizzle
2023-05-07,2.2,29.3,23.7,6.4,drizzle
2023-05-08,2.3,29.2,24.3,5.5,drizzle
2023-05-09,1.3,29.1,23.9,5.6,drizzle
2023-05-10,0.5,28.5,23.9,4.3,drizzle
2023-05-11,0.9,29.4,24.0,4.7,drizzle
2023-05-12,0.0,29.3,25.5,4.8,sun
2023-05-13,0.5,29.5,23.5,4.4,drizzle
2023-05-14,2.9,29.6,24.6,4.8,drizzle
2023-05-15,0.4,29.5,26.5,5.3,drizzle
2023-05-16,0.7,29.4,25.1,4.9,drizzle
2023-05-17,4.8,27.9,24.8,4.8,drizzle
2023-05-18,10.3,29.2,24.4,6.2,rain
2023-05-19,0.8,28.4,24.5,5.2,drizzle
2023-05-20,1.0,28.9,24.0,6.1,drizzle
2023-05-21,0.7,28.7,24.0,5.3,drizzle
2023-05-22,4.2,29.1,24.0,6.5,rain
2023-05-23,8.2,28.6,23.1,7.5,drizzle
2023-05-24,11.1,28.4,23.6,4.2,rain
2023-05-25,3.4,28.2,23.9,6.8,drizzle
2023-05-26,0.0,29.5,26.7,6.3,sun
2023-05-27,1.2,29.2,24.7,5.6,drizzle
2023-05-28,5.4,28.6,24.3,6.0,rain
2023-05-29,13.6,26.2,23.2,4.6,rain
2023-05-30,3.0,28.8,23.8,7.2,drizzle
2023-05-31,1.1,28.1,23.6,5.4,drizzle
2023-06-01,0.7,28.2,23.2,4.4,drizzle
2023-06-02,1.1,28.8,24.5,6.4,drizzle
2023-06-03,0.4,28.8,24.4,6.4,drizzle
2023-06-04,1.4,28.9,23.7,7.3,drizzle
2023-06-05,1.2,29.1,23.6,6.7,drizzle
2023-06-06,1.7,29.0,22.8,5.1,drizzle
2023-06-07,12.6,27.4,23.3,5.1,rain
2023-06-08,7.2,27.7,22.8,6.2,rain
2023-06-09,13.9,26.2,23.3,5.0,rain
2023-06-10,0.2,28.9,23.9,5.8,drizzle
2023-06-11,54.6,25.1,23.2,6.7,rain
2023-06-12,5.0,27.7,23.6,6.1,rain
2023-06-13,1.4,28.4,24.3,6.3,drizzle
2023-06-14,17.3,26.7,23.8,4.8,rain
2023-06-15,5.2,27.3,23.7,5.8,rain
2023-06-16,4.8,27.6,23.3,7.4,rain
2023-06-17,36.9,25.4,23.5,5.2,rain
2023-06-18,0.6,27.7,23.0,5.7,drizzle
2023-06-19,0.3,28.3,23.2,5.2,drizzle
2023-06-20,3.4,27.4,23.4,6.5,drizzle
2023-06-21,2.4,27.3,22.9,7.6,drizzle
2023-06-22,6.7,26.8,22.6,8.1,drizzle
2023-06-23,9.3,26.5,23.4,7.5,drizzle
2023-06-24,4.6,27.9,23.1,6.3,drizzle
2023-06-25,8.9,26.6,22.7,7.2,rain
2023-06-26,20.8,26.0,23.2,5.4,rain
2023-06-27,12.9,27.4,23.4,5.9,rain
2023-06-28,18.1,25.6,23.2,6.6,rain
2023-06-29,11.3,26.7,23.3,5.1,rain
2023-06-30,26.8,25.2,23.3,6.4,rain
2023-07-01,1.1,27.4,22.6,5.5,drizzle
2023-07-02,5.7,25.4,23.1,4.8,rain
2023-07-03,5.2,26.1,22.9,5.8,rain
2023-07-04,5.2,27.0,22.9,8.5,rain
2023-07-05,3.3,27.3,22.4,8.3,drizzle
2023-07-06,10.5,26.3,23.0,7.0,rain
2023-07-07,27.7,25.2,22.3,4.1,rain
2023-07-08,6.4,26.8,22.5,4.9,rain
2023-07-09,4.5,27.7,23.5,5.5,drizzle
2023-07-10,0.1,27.8,24.3,5.4,drizzle
2023-07-11,0.3,27.6,21.8,6.7,drizzle
2023-07-12,0.3,27.4,22.6,6.0,drizzle
2023-07-13,1.4,27.5,22.6,4.3,drizzle
2023-07-14,0.0,28.3,22.4,3.8,sun
2023-07-15,3.1,27.8,24.2,5.2,drizzle
2023-07-16,3.9,25.9,23.0,6.7,drizzle
2023-07-17,1.2,27.1,22.2,6.4,drizzle
2023-07-18,4.2,27.3,22.7,7.5,drizzle
2023-07-19,2.2,27.8,22.2,8.1,drizzle
2023-07-20,0.3,27.1,24.4,8.5,drizzle
2023-07-21,1.3,27.2,23.3,7.1,drizzle
2023-07-22,4.3,26.5,21.7,7.2,drizzle
2023-07-23,1.2,27.5,23.0,7.5,drizzle
2023-07-24,2.7,27.0,22.1,7.2,drizzle
2023-07-25,1.0,27.5,21.9,6.6,drizzle
2023-07-26,1.2,27.9,22.6,6.2,drizzle
2023-07-27,2.6,27.6,22.6,5.9,drizzle
2023-07-28,4.0,27.8,23.9,6.8,drizzle
2023-07-29,0.3,28.3,22.2,4.8,drizzle
2023-07-30,1.3,26.9,23.5,6.5,drizzle
2023-07-31,0.0,27.8,22.0,6.7,sun
2023-08-01,0.7,27.2,21.8,5.3,drizzle
2023-08-02,1.5,28.2,21.9,6.3,drizzle
2023-08-03,2.6,27.1,23.3,7.2,drizzle
2023-08-04,0.0,27.1,21.5,5.5,sun
2023-08-05,0.7,27.2,22.0,5.6,drizzle
2023-08-06,3.1,28.1,23.3,6.8,drizzle
2023-08-07,1.6,27.5,23.4,7.3,drizzle
2023-08-08,4.8,26.6,23.6,5.2,drizzle
2023-08-09,0.3,27.8,24.0,7.4,drizzle
2023-08-10,3.9,27.0,22.3,7.3,drizzle
2023-08-11,0.3,27.7,22.2,7.1,drizzle
2023-08-12,1.1,26.8,22.0,7.2,drizzle
2023-08-13,1.7,26.3,21.6,7.1,drizzle
2023-08-14,11.1,25.6,22.0,7.2,rain
2023-08-15,0.4,27.2,23.0,7.4,drizzle
2023-08-16,2.0,27.3,22.7,6.5,drizzle
2023-08-17,1.0,27.9,22.8,6.8,drizzle
2023-08-18,5.4,27.2,22.5,5.9,drizzle
2023-08-19,15.6,25.9,22.8,5.6,rain
2023-08-20,3.8,26.3,22.0,5.2,drizzle
2023-08-21,2.3,27.7,24.1,6.0,drizzle
2023-08-22,2.9,27.6,23.6,5.7,drizzle
2023-08-23,2.5,27.7,23.4,5.2,drizzle
2023-08-24,2.3,27.3,24.1,6.8,drizzle
2023-08-25,0.1,27.8,24.1,5.1,drizzle
2023-08-26,0.4,28.3,21.1,3.5,drizzle
2023-08-27,0.4,28.5,23.2,3.6,drizzle
2023-08-28,1.0,28.5,24.0,4.5,drizzle
2023-08-29,3.5,28.0,24.0,5.4,drizzle
2023-08-30,2.1,28.3,23.8,5.3,drizzle
2023-08-31,1.5,27.6,23.7,5.6,drizzle
2023-09-01,0.0,28.6,23.8,4.3,sun
2023-09-02,4.0,27.8,23.5,6.2,drizzle
2023-09-03,1.4,27.9,23.4,7.6,drizzle
2023-09-04,2.0,28.1,23.5,6.7,drizzle
2023-09-05,4.1,28.0,22.5,7.5,drizzle
2023-09-06,1.7,28.1,22.8,6.2,drizzle
2023-09-07,6.2,26.8,22.4,7.0,rain
2023-09-08,3.3,27.4,22.8,7.6,drizzle
2023-09-09,4.6,26.6,22.4,7.2,drizzle
2023-09-10,3.4,27.3,23.0,7.1,drizzle
2023-09-11,1.0,27.9,23.2,7.2,drizzle
2023-09-12,6.1,27.4,22.9,6.3,drizzle
2023-09-13,6.2,26.8,22.8,7.9,drizzle
2023-09-14,1.5,27.8,24.0,6.9,drizzle
2023-09-15,0.1,27.7,23.5,5.3,drizzle
2023-09-16,0.2,27.8,24.1,6.5,drizzle
2023-09-17,4.2,27.6,23.1,8.2,drizzle
2023-09-18,3.1,28.0,23.8,7.5,drizzle
2023-09-19,11.6,27.4,22.6,6.5,rain
2023-09-20,1.7,27.8,24.0,7.1,drizzle
2023-09-21,2.1,27.5,24.3,7.4,drizzle
2023-09-22,2.1,28.1,23.7,7.1,drizzle
2023-09-23,3.1,27.6,23.3,5.1,drizzle
2023-09-24,2.7,28.4,23.5,6.1,drizzle
2023-09-25,0.0,28.0,24.2,4.9,sun
2023-09-26,1.1,28.7,24.4,5.8,drizzle
2023-09-27,0.6,28.5,24.4,4.7,drizzle
2023-09-28,0.1,28.3,23.8,4.2,drizzle
2023-09-29,0.3,28.7,24.7,5.8,drizzle
2023-09-30,1.4,28.4,24.7,7.0,drizzle
2023-10-01,0.7,28.3,23.8,6.1,drizzle
2023-10-02,0.0,29.1,21.9,5.2,sun
2023-10-03,0.5,28.7,24.9,5.4,drizzle
2023-10-04,1.0,28.1,25.2,5.2,drizzle
2023-10-05,0.2,28.8,24.9,5.9,drizzle
2023-10-06,2.5,28.7,24.5,7.1,drizzle
2023-10-07,1.2,29.4,24.7,5.4,drizzle
2023-10-08,2.3,28.4,23.9,6.3,drizzle
2023-10-09,1.0,28.6,24.8,6.6,drizzle
2023-10-10,1.2,28.6,24.4,5.5,drizzle
2023-10-11,1.9,28.4,23.5,6.0,drizzle
2023-10-12,1.0,29.1,23.9,6.2,drizzle
2023-10-13,1.0,29.2,25.0,5.9,drizzle
2023-10-14,2.3,28.9,25.2,6.3,drizzle
2023-10-15,0.4,29.2,24.2,7.6,drizzle
2023-10-16,0.4,29.0,22.5,7.8,drizzle
2023-10-17,0.9,29.1,22.7,8.0,drizzle
2023-10-18,0.1,28.5,21.9,6.4,drizzle
2023-10-19,1.7,29.5,24.4,4.5,drizzle
2023-10-20,1.7,29.2,24.4,5.6,drizzle
2023-10-21,1.9,29.0,23.8,5.6,drizzle
2023-10-22,1.5,28.9,23.7,5.4,drizzle
2023-10-23,0.8,28.5,23.9,6.9,drizzle
2023-10-24,0.6,28.7,23.4,5.4,drizzle
2023-10-25,0.6,28.8,24.0,4.6,drizzle
2023-10-26,0.9,29.7,24.6,5.0,drizzle
2023-10-27,0.5,29.6,25.2,6.1,drizzle
2023-10-28,1.0,29.4,25.5,7.1,drizzle
2023-10-29,2.2,29.1,24.0,7.1,drizzle
2023-10-30,0.2,29.5,24.5,6.4,drizzle
2023-10-31,1.1,29.5,24.4,5.5,drizzle
2023-11-01,0.1,29.9,25.1,4.5,drizzle
2023-11-02,1.4,29.4,25.1,5.5,drizzle
2023-11-03,1.4,29.3,24.9,5.1,drizzle
2023-11-04,1.2,29.9,25.3,4.6,drizzle
2023-11-05,0.9,29.6,25.2,4.6,drizzle
2023-11-06,1.3,29.5,25.3,4.8,drizzle
2023-11-07,0.7,29.7,24.4,6.0,drizzle
2023-11-08,0.9,30.1,24.6,7.1,drizzle
2023-11-09,0.8,29.9,24.4,7.3,drizzle
2023-11-10,0.9,29.5,25.1,6.7,drizzle
2023-11-11,0.4,30.0,24.7,6.1,drizzle
2023-11-12,0.5,30.1,23.8,6.6,drizzle
2023-11-13,0.3,30.1,23.5,4.6,drizzle
2023-11-14,0.3,29.7,25.0,4.9,drizzle
2023-11-15,0.4,30.0,25.5,5.6,drizzle
2023-11-16,1.8,29.4,25.4,6.1,drizzle
2023-11-17,0.1,30.1,24.5,5.1,drizzle
2023-11-18,0.8,29.6,25.3,5.0,drizzle
2023-11-19,2.3,30.0,25.4,5.1,drizzle
2023-11-20,0.9,29.1,25.1,5.0,drizzle
2023-11-21,1.1,29.4,25.5,6.2,drizzle
2023-11-22,0.3,30.1,25.4,5.9,drizzle
2023-11-23,0.0,30.0,26.0,6.2,sun
2023-11-24,0.0,30.1,25.6,5.1,sun
2023-11-25,0.0,29.8,24.8,5.8,sun
2023-11-26,0.0,30.7,25.4,6.6,sun
2023-11-27,21.4,27.6,23.5,6.0,rain
2023-11-28,8.4,28.7,23.3,5.4,rain
2023-11-29,0.2,29.1,24.6,5.2,drizzle
2023-11-30,0.6,29.4,25.0,4.9,drizzle
2023-12-01,0.0,29.7,25.6,4.3,sun
2023-12-02,0.2,29.4,25.1,4.7,drizzle
2023-12-03,1.9,29.5,25.0,4.6,drizzle
2023-12-04,2.2,29.9,25.1,4.7,drizzle
2023-12-05,3.0,29.8,24.8,5.4,drizzle
2023-12-06,1.5,29.3,24.0,4.7,drizzle
2023-12-07,1.4,29.9,24.9,5.2,drizzle
2023-12-08,1.0,29.8,25.1,5.8,drizzle
2023-12-09,0.8,30.4,25.9,6.1,drizzle
2023-12-10,0.9,29.6,25.5,5.8,drizzle
2023-12-11,1.2,29.4,24.9,5.4,drizzle
2023-12-12,0.1,29.9,26.0,5.8,drizzle
2023-12-13,0.1,30.3,25.6,6.8,drizzle
2023-12-14,2.2,29.1,24.8,6.6,drizzle
2023-12-15,6.9,28.7,24.3,6.3,rain
2023-12-16,0.2,29.9,24.6,6.2,drizzle
2023-12-17,0.6,30.1,24.7,5.2,drizzle
2023-12-18,1.2,29.0,24.7,4.1,drizzle
2023-12-19,6.7,29.3,24.3,4.7,rain
2023-12-20,7.3,29.5,24.9,5.2,rain
2023-12-21,8.9,29.6,24.9,6.9,rain
2023-12-22,0.8,29.9,24.8,6.6,drizzle
2023-12-23,1.4,29.4,24.5,5.6,drizzle
2023-12-24,0.6,29.6,23.9,5.1,drizzle
2023-12-25,1.5,30.1,25.9,6.2,drizzle
2023-12-26,3.1,29.9,25.0,5.9,drizzle
2023-12-27,0.8,30.1,25.7,5.1,drizzle
2023-12-28,0.5,30.0,25.7,5.4,drizzle
2023-12-29,0.1,30.3,25.1,5.6,drizzle
2023-12-30,0.0,30.6,24.2,4.9,sun
2023-12-31,1.3,30.6,25.4,4.1,drizzle
2024-01-01,5.1,29.8,24.0,3.7,rain
2024-01-02,1.0,29.5,23.3,4.3,drizzle
2024-01-03,1.1,30.5,24.7,3.9,drizzle
2024-01-04,1.6,29.7,25.9,4.6,drizzle
2024-01-05,0.6,30.3,25.0,4.7,drizzle
2024-01-06,0.9,30.5,25.6,4.9,drizzle
2024-01-07,0.0,30.7,25.8,4.0,sun
2024-01-08,1.4,30.6,24.6,4.6,drizzle
2024-01-09,0.4,30.8,26.3,4.6,drizzle
2024-01-10,2.0,30.7,24.7,5.3,drizzle
2024-01-11,10.2,28.3,22.8,4.4,rain
2024-01-12,1.0,28.9,23.4,4.4,drizzle
2024-01-13,3.6,30.2,23.7,4.8,drizzle
2024-01-14,2.9,30.3,23.7,5.1,drizzle
2024-01-15,0.0,30.3,26.4,5.5,sun
2024-01-16,0.4,30.4,25.7,5.0,drizzle
2024-01-17,0.0,31.1,26.2,4.3,sun
2024-01-18,1.6,29.5,25.0,5.2,drizzle
2024-01-19,2.1,29.7,24.5,4.9,drizzle
2024-01-20,0.2,30.7,25.7,4.4,drizzle
2024-01-21,0.7,30.8,26.3,4.7,drizzle
2024-01-22,1.0,31.1,26.9,5.5,drizzle
2024-01-23,1.4,31.0,26.3,5.6,drizzle
2024-01-24,1.0,31.0,25.8,5.9,drizzle
2024-01-25,3.2,30.2,25.4,4.8,drizzle
2024-01-26,2.0,31.0,26.9,6.0,drizzle
2024-01-27,2.3,31.0,26.2,5.3,drizzle
2024-01-28,0.3,31.4,27.1,5.9,drizzle
2024-01-29,1.7,30.9,25.1,6.1,drizzle
2024-01-30,0.2,31.6,26.4,5.4,drizzle
2024-01-31,0.0,31.1,24.8,5.9,sun
2024-02-01,1.3,30.9,26.6,5.3,drizzle
2024-02-02,0.7,31.1,26.7,6.2,drizzle
2024-02-03,0.8,31.7,26.4,6.8,drizzle
2024-02-04,0.2,31.7,27.5,5.8,drizzle
2024-02-05,1.9,31.1,26.6,6.4,drizzle
2024-02-06,1.9,31.4,25.0,5.2,drizzle
2024-02-07,0.5,31.2,26.5,5.3,drizzle
2024-02-08,0.8,31.4,26.7,5.6,drizzle
2024-02-09,3.5,30.5,24.7,5.5,drizzle
2024-02-10,1.3,31.4,26.2,6.9,drizzle
2024-02-11,6.4,29.3,24.4,5.9,drizzle
2024-02-12,4.4,31.0,25.5,6.4,drizzle
2024-02-13,4.5,31.0,24.8,5.1,drizzle
2024-02-14,0.7,30.2,24.1,5.1,drizzle
2024-02-15,13.7,29.5,25.4,5.6,rain
2024-02-16,24.2,29.2,24.1,3.7,rain
2024-02-17,7.5,30.1,24.4,4.4,rain
2024-02-18,3.6,29.7,25.9,5.9,drizzle
2024-02-19,1.9,30.5,25.3,4.3,drizzle
2024-02-20,4.2,30.2,24.9,4.4,drizzle
2024-02-21,3.0,29.3,24.0,3.9,rain
2024-02-22,4.2,28.9,25.5,3.9,rain
2024-02-23,6.3,29.5,23.6,5.5,rain
2024-02-24,0.3,31.1,24.6,8.0,drizzle
2024-02-25,19.8,29.8,24.4,7.2,rain
2024-02-26,9.1,29.3,24.6,6.6,drizzle
2024-02-27,9.5,27.8,24.6,5.1,rain
2024-02-28,18.6,30.2,23.5,4.2,rain
2024-02-29,0.6,29.7,23.4,4.4,drizzle
2024-03-01,0.5,30.6,24.2,5.3,drizzle
2024-03-02,0.5,31.0,25.6,3.8,drizzle
2024-03-03,0.8,30.0,25.3,4.5,drizzle
2024-03-04,0.3,30.9,24.3,3.9,drizzle
2024-03-05,6.9,29.0,25.7,4.5,rain
2024-03-06,6.9,30.2,25.9,4.2,rain
2024-03-07,1.7,30.5,25.9,6.7,drizzle
2024-03-08,0.9,30.7,26.9,6.4,drizzle
2024-03-09,0.7,30.2,25.2,5.1,drizzle
2024-03-10,1.7,30.5,24.9,4.8,drizzle
2024-03-11,0.5,31.5,24.5,5.3,drizzle
2024-03-12,8.7,29.6,24.6,3.9,rain
2024-03-13,24.5,30.3,24.4,4.3,rain
2024-03-14,5.1,28.8,25.5,6.0,drizzle
2024-03-15,2.6,30.5,25.5,6.2,drizzle
2024-03-16,1.0,31.0,26.7,5.6,drizzle
2024-03-17,3.8,30.5,25.7,5.8,drizzle
2024-03-18,7.6,30.3,25.2,5.8,rain
2024-03-19,0.4,31.3,25.6,5.3,drizzle
2024-03-20,0.4,31.1,26.7,4.9,drizzle
2024-03-21,2.6,30.9,25.2,5.3,rain
2024-03-22,0.4,31.3,24.0,5.5,drizzle
2024-03-23,0.1,30.9,26.0,6.6,drizzle
2024-03-24,0.9,31.1,24.5,5.5,drizzle
2024-03-25,0.7,31.2,24.9,5.1,drizzle
2024-03-26,0.3,31.2,26.0,5.4,drizzle
2024-03-27,14.2,28.9,25.1,3.7,rain
2024-03-28,1.3,30.6,25.7,6.5,drizzle
2024-03-29,15.1,28.7,25.1,6.9,rain
2024-03-30,7.4,29.4,24.4,4.5,rain
2024-03-31,2.6,29.7,24.4,4.5,drizzle
2024-04-01,0.6,30.4,24.0,4.2,drizzle
2024-04-02,0.2,31.6,25.0,5.1,drizzle
2024-04-03,1.1,30.3,25.3,4.2,drizzle
2024-04-04,10.3,29.1,25.0,4.3,rain
2024-04-05,0.7,30.4,24.3,4.7,drizzle
2024-04-06,0.2,30.6,24.4,5.7,drizzle
2024-04-07,0.2,31.1,25.0,5.4,drizzle
2024-04-08,2.8,30.7,25.6,4.6,drizzle
2024-04-09,23.0,30.0,24.4,5.9,rain
2024-04-10,3.5,28.5,24.3,3.1,drizzle
2024-04-11,2.8,29.7,25.1,4.0,drizzle
2024-04-12,1.9,29.5,25.3,4.6,drizzle
2024-04-13,0.8,30.1,24.5,5.2,drizzle
2024-04-14,1.8,30.0,25.0,5.5,drizzle
2024-04-15,3.0,29.4,24.8,5.6,drizzle
2024-04-16,13.5,28.9,25.0,4.9,rain
2024-04-17,1.2,30.2,24.7,5.0,drizzle
2024-04-18,0.6,30.4,25.2,4.0,drizzle
2024-04-19,0.1,30.7,25.1,4.5,drizzle
2024-04-20,1.4,28.7,25.1,5.1,drizzle
2024-04-21,3.8,29.9,25.0,5.6,rain
2024-04-22,5.1,30.0,24.4,5.2,rain
2024-04-23,0.5,30.2,24.8,4.7,drizzle
2024-04-24,1.4,29.8,25.3,5.6,drizzle
2024-04-25,0.7,30.8,25.9,5.6,drizzle
2024-04-26,8.8,30.2,25.2,6.2,rain
2024-04-27,1.8,30.3,26.2,6.6,drizzle
2024-04-28,9.3,27.8,24.4,5.0,rain
2024-04-29,7.8,28.1,23.6,5.2,rain
2024-04-30,0.0,30.3,25.9,4.4,sun
2024-05-01,0.4,30.5,24.8,6.8,drizzle
2024-05-02,0.5,30.1,24.9,5.0,drizzle
2024-05-03,3.5,30.2,24.9,5.9,drizzle
2024-05-04,3.3,29.9,25.4,7.1,drizzle
2024-05-05,1.7,29.8,24.3,7.4,drizzle
2024-05-06,4.2,29.9,25.3,6.6,drizzle
2024-05-07,3.4,29.6,24.6,4.7,drizzle
2024-05-08,6.4,29.4,24.3,5.0,rain
2024-05-09,3.8,28.4,24.6,5.6,drizzle
2024-05-10,2.1,30.1,24.5,5.4,drizzle
2024-05-11,0.1,30.3,23.5,4.9,drizzle
2024-05-12,0.1,30.7,24.1,5.0,drizzle
2024-05-13,1.2,29.3,24.0,4.3,drizzle
2024-05-14,0.4,30.0,24.2,5.3,drizzle
2024-05-15,1.4,30.2,24.6,5.4,drizzle
2024-05-16,0.5,30.1,23.9,6.4,drizzle
2024-05-17,47.9,26.3,24.5,5.0,rain
2024-05-18,2.6,29.3,23.8,4.1,drizzle
2024-05-19,2.3,28.3,23.8,3.9,drizzle
2024-05-20,1.3,29.0,23.3,5.8,drizzle
2024-05-21,3.1,29.2,24.2,5.9,drizzle
2024-05-22,2.8,29.2,24.8,6.8,drizzle
2024-05-23,13.2,27.3,24.2,6.9,rain
2024-05-24,2.9,27.5,24.9,6.5,drizzle
2024-05-25,0.4,30.1,25.9,6.2,drizzle
2024-05-26,2.3,28.1,25.0,5.8,drizzle
2024-05-27,1.9,28.8,24.1,6.8,drizzle
2024-05-28,16.6,27.8,24.6,5.4,rain
2024-05-29,2.8,27.7,24.0,4.2,drizzle
2024-05-30,8.2,26.9,23.9,4.4,rain
2024-05-31,1.0,28.0,24.1,6.1,drizzle
2024-06-01,1.5,28.9,23.5,6.1,drizzle
2024-06-02,1.9,29.2,23.9,6.9,drizzle
2024-06-03,25.4,27.0,23.9,5.3,rain
2024-06-04,9.5,27.9,24.0,5.0,rain
2024-06-05,5.5,28.5,23.7,6.3,rain
2024-06-06,1.5,28.8,24.1,6.3,drizzle
2024-06-07,4.8,28.8,23.3,4.8,rain
2024-06-08,2.3,29.0,23.7,6.1,drizzle
2024-06-09,3.0,28.2,23.9,7.5,drizzle
2024-06-10,0.9,28.9,25.0,7.7,drizzle
2024-06-11,2.1,29.0,23.8,6.8,drizzle
2024-06-12,2.3,28.5,24.2,7.8,drizzle
2024-06-13,19.9,29.0,23.9,7.1,rain
2024-06-14,27.3,27.6,24.0,6.7,rain
2024-06-15,33.7,26.5,23.8,6.9,rain
2024-06-16,18.3,27.5,23.9,8.1,rain
2024-06-17,2.9,28.7,23.6,6.4,rain
2024-06-18,3.7,27.4,23.8,6.6,drizzle
2024-06-19,5.0,27.7,23.4,6.0,drizzle
2024-06-20,3.6,27.9,23.0,6.2,drizzle
2024-06-21,9.0,27.0,23.0,5.8,rain
2024-06-22,7.5,27.3,23.3,6.6,drizzle
2024-06-23,12.6,27.1,23.5,6.6,rain
2024-06-24,2.1,27.5,22.4,5.7,drizzle
2024-06-25,3.3,27.5,23.1,6.0,drizzle
2024-06-26,0.6,28.6,23.2,6.4,drizzle
2024-06-27,1.1,27.5,22.3,5.9,drizzle
2024-06-28,0.9,27.8,23.0,5.6,drizzle
2024-06-29,0.0,28.1,21.7,5.7,sun
2024-06-30,0.5,27.6,21.7,5.2,drizzle
2024-07-01,0.6,27.3,21.9,6.5,drizzle
2024-07-02,7.8,26.2,22.9,6.4,drizzle
2024-07-03,9.1,26.8,22.9,6.9,rain
2024-07-04,2.9,27.2,22.5,5.6,drizzle
2024-07-05,8.3,26.6,22.6,4.2,rain
2024-07-06,28.8,26.4,22.9,6.4,rain
2024-07-07,2.2,27.8,23.3,6.8,drizzle
2024-07-08,0.8,27.3,21.5,4.9,drizzle
2024-07-09,4.6,26.9,22.7,5.1,drizzle
2024-07-10,4.0,27.9,23.3,6.9,drizzle
2024-07-11,8.7,25.7,23.3,6.0,rain
2024-07-12,14.7,27.3,22.7,7.7,rain
2024-07-13,3.5,26.8,22.7,8.4,drizzle
2024-07-14,5.2,26.8,22.8,8.8,drizzle
2024-07-15,0.6,27.4,24.5,7.6,drizzle
2024-07-16,0.7,27.7,23.9,7.6,drizzle
2024-07-17,0.3,27.6,24.1,7.2,drizzle
2024-07-18,2.7,27.2,22.9,7.1,drizzle
2024-07-19,1.3,26.6,22.2,7.5,drizzle
2024-07-20,4.3,25.2,21.6,7.1,drizzle
2024-07-21,2.4,26.6,21.1,7.9,drizzle
2024-07-22,2.8,27.2,21.7,7.9,drizzle
2024-07-23,1.6,26.8,22.7,7.5,drizzle
2024-07-24,1.4,27.6,22.8,7.8,drizzle
2024-07-25,1.3,26.8,21.4,6.2,drizzle
2024-07-26,0.7,27.3,23.3,7.3,drizzle
2024-07-27,1.7,27.3,22.9,8.0,drizzle
2024-07-28,2.5,27.7,23.3,6.8,drizzle
2024-07-29,4.7,26.8,23.3,6.3,drizzle
2024-07-30,1.2,27.5,22.1,7.5,drizzle
2024-07-31,3.2,27.7,22.7,7.9,drizzle
2024-08-01,1.1,27.7,23.0,8.3,drizzle
2024-08-02,2.3,26.5,21.9,8.1,drizzle
2024-08-03,2.5,27.1,22.3,7.5,drizzle
2024-08-04,5.8,26.8,22.4,7.8,drizzle
2024-08-05,2.2,27.1,23.0,7.4,drizzle
2024-08-06,1.5,27.1,22.1,6.9,drizzle
2024-08-07,5.3,26.8,22.1,8.1,drizzle
2024-08-08,2.1,27.1,20.8,5.8,drizzle
2024-08-09,0.9,27.1,22.7,6.4,drizzle
2024-08-10,0.0,27.4,20.4,4.8,sun
2024-08-11,1.1,27.7,23.3,4.9,drizzle
2024-08-12,0.0,27.9,24.0,5.1,sun
2024-08-13,1.0,27.9,24.0,5.8,drizzle
2024-08-14,1.6,27.8,24.3,8.0,drizzle
2024-08-15,0.8,27.3,23.8,7.8,drizzle
2024-08-16,0.3,27.8,23.7,7.4,drizzle
2024-08-17,0.0,28.0,22.8,6.9,sun
2024-08-18,3.8,26.9,21.9,6.8,drizzle
2024-08-19,4.1,26.8,22.0,6.7,drizzle
2024-08-20,3.4,27.0,22.1,6.1,drizzle
2024-08-21,2.3,27.9,22.5,7.0,drizzle
2024-08-22,1.8,27.6,23.2,8.3,drizzle
2024-08-23,4.5,27.4,23.4,7.9,rain
2024-08-24,3.3,27.1,21.8,6.9,drizzle
2024-08-25,0.2,27.1,23.5,7.2,drizzle
2024-08-26,0.7,27.5,23.6,7.4,drizzle
2024-08-27,2.0,27.0,22.3,6.4,drizzle
2024-08-28,6.3,26.3,21.8,7.7,drizzle
2024-08-29,1.9,27.1,22.3,8.4,drizzle
2024-08-30,0.1,27.4,22.9,7.8,drizzle
2024-08-31,0.8,27.3,21.5,7.1,drizzle
2024-09-01,1.9,27.2,21.2,7.6,drizzle
2024-09-02,2.9,27.3,21.5,7.4,drizzle
2024-09-03,2.9,27.0,22.4,7.0,drizzle
2024-09-04,0.0,28.0,23.3,6.8,sun
2024-09-05,0.0,27.4,24.0,6.3,sun
2024-09-06,0.5,27.4,22.9,6.5,drizzle
2024-09-07,0.7,27.8,23.9,7.6,drizzle
2024-09-08,5.5,26.3,22.2,6.6,drizzle
2024-09-09,2.3,27.4,22.4,7.4,drizzle
2024-09-10,2.3,27.4,22.9,8.0,drizzle
2024-09-11,3.4,26.3,22.2,6.8,drizzle
2024-09-12,1.9,27.3,22.7,6.9,drizzle
2024-09-13,1.8,26.9,22.1,6.2,drizzle
2024-09-14,2.4,27.5,22.6,7.5,drizzle
2024-09-15,1.8,27.2,22.9,7.5,drizzle
2024-09-16,0.0,28.3,23.9,6.8,sun
2024-09-17,2.1,27.6,22.0,6.2,drizzle
2024-09-18,1.9,27.3,23.9,7.7,drizzle
2024-09-19,0.5,28.0,22.4,7.2,drizzle
2024-09-20,0.6,27.8,23.3,7.7,drizzle
2024-09-21,0.7,28.4,23.5,7.7,drizzle
2024-09-22,1.1,27.7,23.2,7.3,drizzle
2024-09-23,0.9,28.0,23.7,7.0,drizzle
2024-09-24,1.0,27.8,23.1,6.7,drizzle
2024-09-25,1.5,27.8,23.8,6.6,drizzle
2024-09-26,0.5,27.9,23.7,6.2,drizzle
2024-09-27,1.4,28.1,22.9,5.2,drizzle
2024-09-28,1.3,28.1,24.0,6.2,drizzle
2024-09-29,0.4,28.2,24.1,7.2,drizzle
2024-09-30,1.0,28.3,23.9,7.7,drizzle
2024-10-01,0.0,28.7,21.3,6.6,sun
2024-10-02,3.5,28.0,23.0,6.0,drizzle
2024-10-03,1.6,28.0,23.7,6.2,drizzle
2024-10-04,0.1,28.5,23.9,5.5,drizzle
2024-10-05,0.3,28.3,24.1,5.1,drizzle
2024-10-06,0.0,28.9,21.0,5.0,sun
2024-10-07,0.4,28.8,23.0,4.4,drizzle
2024-10-08,0.1,28.8,23.8,4.8,drizzle
2024-10-09,0.0,29.2,24.3,4.0,sun
2024-10-10,0.5,29.0,24.2,5.3,drizzle
2024-10-11,0.3,29.0,24.6,6.4,drizzle
2024-10-12,0.5,29.6,24.3,5.4,drizzle
2024-10-13,1.0,29.0,24.4,6.5,drizzle
2024-10-14,0.5,28.5,24.6,6.3,drizzle
2024-10-15,0.4,28.7,23.5,5.3,drizzle
2024-10-16,1.2,28.7,24.2,5.4,drizzle
2024-10-17,0.2,29.0,25.1,4.6,drizzle
2024-10-18,0.9,29.0,24.4,5.0,drizzle
2024-10-19,0.9,29.0,24.6,5.5,drizzle
2024-10-20,0.1,30.0,24.4,5.6,drizzle
2024-10-21,1.1,29.3,24.1,6.9,drizzle
2024-10-22,0.6,29.4,24.2,6.3,drizzle
2024-10-23,0.5,28.7,24.4,5.9,drizzle
2024-10-24,0.1,28.5,25.0,5.8,drizzle
2024-10-25,0.3,28.5,25.0,5.2,drizzle
2024-10-26,0.7,29.3,24.7,5.7,drizzle
2024-10-27,2.7,29.4,24.5,5.6,drizzle
2024-10-28,1.6,29.5,24.0,7.3,drizzle
2024-10-29,2.1,28.8,23.1,7.0,drizzle
2024-10-30,1.0,29.0,24.3,5.9,drizzle
2024-10-31,0.9,28.8,24.9,6.1,drizzle
2024-11-01,0.5,29.3,24.7,6.4,drizzle
2024-11-02,1.7,28.8,24.7,7.1,drizzle
2024-11-03,0.3,29.4,24.1,6.3,drizzle
2024-11-04,0.3,29.8,24.6,6.3,drizzle
2024-11-05,2.6,29.2,24.0,6.8,drizzle
2024-11-06,2.4,28.6,24.6,7.2,drizzle
2024-11-07,1.1,29.0,24.4,5.7,drizzle
2024-11-08,3.0,29.1,23.6,5.6,drizzle
2024-11-09,4.3,28.8,24.7,6.6,drizzle
2024-11-10,1.1,29.1,24.8,5.5,drizzle
2024-11-11,1.2,28.8,24.7,5.2,drizzle
2024-11-12,1.3,28.9,23.6,4.8,drizzle
2024-11-13,1.2,29.5,24.9,5.6,drizzle
2024-11-14,0.8,29.4,24.9,5.5,drizzle
2024-11-15,0.2,29.6,25.2,5.8,drizzle
2024-11-16,0.8,29.7,25.0,5.8,drizzle
2024-11-17,3.7,29.3,24.5,6.5,drizzle
2024-11-18,2.8,29.0,24.4,6.7,drizzle
2024-11-19,0.7,28.9,25.1,5.6,drizzle
2024-11-20,0.2,29.6,25.2,4.7,drizzle
2024-11-21,0.2,29.8,25.2,4.5,drizzle
2024-11-22,0.0,30.2,24.9,4.1,sun
2024-11-23,0.7,29.6,25.3,5.2,drizzle
2024-11-24,0.6,29.5,25.5,4.7,drizzle
2024-11-25,0.1,30.3,26.0,4.4,drizzle
2024-11-26,0.0,30.1,25.4,4.8,sun
2024-11-27,0.2,29.7,25.5,5.5,drizzle
2024-11-28,0.6,29.9,25.0,5.6,drizzle
2024-11-29,1.2,29.5,24.7,5.9,drizzle
2024-11-30,0.0,29.8,25.2,4.5,sun
2024-12-01,1.6,29.6,24.2,5.2,drizzle
2024-12-02,5.1,28.8,23.7,5.2,rain
2024-12-03,4.3,28.3,24.7,4.8,drizzle
2024-12-04,2.9,29.2,23.5,4.8,drizzle
2024-12-05,0.8,29.5,25.3,4.6,drizzle
2024-12-06,4.7,28.0,23.6,5.7,drizzle
2024-12-07,1.8,28.1,24.6,5.2,drizzle
2024-12-08,1.9,28.8,24.8,6.5,drizzle
2024-12-09,1.6,29.2,24.9,5.9,drizzle
2024-12-10,0.6,29.6,25.5,5.2,drizzle
2024-12-11,0.5,29.3,25.7,5.1,drizzle
2024-12-12,2.2,29.8,25.0,5.2,drizzle
2024-12-13,0.3,30.0,25.5,5.9,drizzle
2024-12-14,4.0,29.0,24.8,5.7,drizzle
2024-12-15,2.4,28.8,24.3,4.8,drizzle
2024-12-16,3.4,29.0,25.3,6.0,drizzle
2024-12-17,1.3,29.1,25.7,4.9,drizzle
2024-12-18,1.0,29.6,24.7,4.4,drizzle
2024-12-19,2.0,29.2,25.7,5.7,drizzle
2024-12-20,5.6,28.4,24.6,5.3,drizzle
2024-12-21,4.0,28.6,23.7,4.8,drizzle
2024-12-22,2.2,29.4,24.3,5.5,drizzle
2024-12-23,0.2,29.9,25.2,5.3,drizzle
2024-12-24,1.2,29.4,25.4,5.8,drizzle
2024-12-25,0.4,29.8,24.8,4.8,drizzle
2024-12-26,0.6,29.2,25.3,5.3,drizzle
2024-12-27,0.5,30.7,24.6,6.4,drizzle
2024-12-28,2.7,29.0,24.1,5.9,drizzle
2024-12-29,1.6,29.7,25.5,6.1,drizzle
2024-12-30,3.1,29.3,24.5,5.7,drizzle
2024-12-31,2.8,29.7,25.6,5.2,drizzle
